{
    "mean": [
        0.12900568544864655
    ],
    "std": [
        0.14708258211612701
    ]
}